{
	"i1": [0, 0, 0, 0],
	"i2": [0, 1, 1.57075, 1.57075],
	"i3": [0, 2, 1.57075, 1.57075]
}
