{
	"i1": [4, 1, 0, 0],
	"i2": [5, 2, 3.14159265, 3.14159265],
	"i3": [6, 3, 3.14159265, 3.14159265]
}
